<?xml version="1.0" encoding="UTF-8"?>
<project-private xmlns="http://www.netbeans.org/ns/project-private/1">
    <editor-bookmarks xmlns="http://www.netbeans.org/ns/editor-bookmarks/2" lastBookmarkId="0"/>
    <open-files xmlns="http://www.netbeans.org/ns/projectui-open-files/2">
        <group>
            <file>file:/F:/Fiverr/Client75/Take_It_Easy/src/java/Model/EmployeeBean.java</file>
            <file>file:/F:/Fiverr/Client75/Take_It_Easy/src/java/DAO/DatabaseManager.java</file>
            <file>file:/F:/Fiverr/Client75/Take_It_Easy/web/dataProtection.jsp</file>
            <file>file:/F:/Fiverr/Client75/Take_It_Easy/src/java/Controller/Booking.java</file>
            <file>file:/F:/Fiverr/Client75/Take_It_Easy/src/java/Controller/Ticket.java</file>
            <file>file:/F:/Fiverr/Client75/Take_It_Easy/web/components/message.jsp</file>
            <file>file:/F:/Fiverr/Client75/Take_It_Easy/src/java/Model/TicketBean.java</file>
            <file>file:/F:/Fiverr/Client75/Take_It_Easy/web/aboutUs.jsp</file>
            <file>file:/F:/Fiverr/Client75/Take_It_Easy/web/imprint.jsp</file>
            <file>file:/F:/Fiverr/Client75/Take_It_Easy/web/booking.jsp</file>
        </group>
    </open-files>
</project-private>
